Accuracy,F1,ROC_AUC
0.2876712328767123,0.24280039721946375,0.49701699075856753
