{
    "Accuracy": 0.2876712328767123,
    "F1": 0.24280039721946375,
    "ROC_AUC": 0.49701699075856753
}