{
    "MAE_log": 0.433020506986444,
    "RMSE_log": 0.5796967904039659,
    "R2_log": 0.730511893360188
}