MAE_log,RMSE_log,R2_log
0.433020506986444,0.5796967904039659,0.730117732914174
