Accuracy,F1,ROC_AUC
0.7397260273972602,0.7629668770342145,0.9201675009626493
