{
    "Accuracy": 0.7397260273972602,
    "F1": 0.7629668770342145,
    "ROC_AUC": 0.9201675009626493
}