Fold,MAE,RMSE,R2
1.0,1614.1413746556914,4933.383611453354,0.03968220909679099
2.0,1478.2851291249056,3653.149957541041,0.08775811679449086
3.0,1059.0461790496895,1383.0935839405588,-0.5736704285674483
4.0,1000.253757995649,1330.962458557658,-0.3649955529165312
5.0,888.2995127348923,1115.7894432544226,-1.840594852625379
3.0,1208.0051907121656,2483.275810949407,-0.5303641016436154
