Fold,MAE,RMSE,R2
1.0,1587.8738023548883,4940.9639105603765,0.036728824866423704
2.0,1432.7129411420535,3655.278879788921,0.08669456454325297
3.0,1040.7013903967274,1354.9846668355508,-0.5103563018819075
4.0,988.2231518218141,1327.6472421957376,-0.3582040469428118
5.0,849.8091863185034,1061.5515388005792,-1.571147359027956
3.0,1179.8640944067974,2468.085247636233,-0.46325686368859975
