Fold,MAE,RMSE,R2
1.0,1082.3112265010152,3990.313988264819,0.034063225263565755
2.0,1183.1872925228774,1482.925402072898,-1.8749725941227395
1.5,1132.7492595119463,2736.6196951688585,-0.9204546844295869
