{
    "MAE_original": 436.05504949386705,
    "RMSE_original": 1606.7495585582885,
    "R2_original": 0.18546709789268134
}