MAE_original,RMSE_original,R2_original
436.05504949386705,1606.7495585582885,0.18546709789268134
