MAE,RMSE,R2
435.07510491449347,1604.8235973737185,0.18741863854601415
