MAE,RMSE,R2
751.6009243093888,1932.0677269166506,-0.1777603937950505
