{
    "MAE": 435.07510491449347,
    "RMSE": 1604.8235973737185,
    "R2": 0.18741863854601415
}