{
    "MAE": 436.05504949386705,
    "RMSE": 1606.7495585582885,
    "R2": 0.18546709789268134
}