MAE,RMSE,R2
751.6014805758123,1932.069625862964,-0.17776270893631163
