Accuracy,F1,ROC_AUC
0.0821917808219178,0.05581430487090864,0.9201675009626493
