Accuracy,F1,ROC_AUC
0.6438356164383562,0.6754715698859775,0.9102016133013437
