{
    "Accuracy": 0.6438356164383562,
    "F1": 0.6754715698859775,
    "ROC_AUC": 0.9102016133013437
}